PLAN,LOGIN,ELEMENTO,MODELO,IP,PUERTO,RESULTADO
Home ADSL Mixto 1 y 2,gyeracede_m,gyeurdurdenor1,6524,172.17.125.254,7,CAMBIADO
Home ADSL Mixto 1 y 2,gyemagilerc1,gyepthvallealtolondres1,6524,172.17.136.254,1,CAMBIADO
Home ADSL Mixto 2 y 4,caydemanangonr1,caycaynjarrin1,6524,172.30.250.5,11,CAMBIADO
Home ADSL Mixto 1 y 2,uioeftole_m,uioortgabrielaB1,6524,172.30.252.67,23,CAMBIADO
Home ADSL Mixto 2 y 4,uiopramirezf,uioortgabrielaB1,6524,172.30.252.67,24,CAMBIADO
Home ADSL Mixto 1 y 2,uiojpsarz_m,uioarmpuebloblanco2,6524,172.30.251.90,23,CAMBIADO
Home ADSL Mixto 1 y 2,uiojmniet_m,uioarmpuebloblanco2,6524,172.30.251.90,9,CAMBIADO
Home ADSL Mixto 2 y 4,uiodivinuezao1,uioarmilalo1,6524,172.30.252.106,24,CAMBIADO
Home ADSL Mixto 3 y 6,uiospachel2,uioarmilalo1,6524,172.30.252.106,15,CAMBIADO
Home ADSL Mixto 1 y 2,uiosymusob_m,uionpmlagunaA1,6524,172.30.251.2,18,CAMBIADO
Home ADSL Mixto 3 y 6,uioisantosb,uionpmlagunaA1,6524,172.30.251.2,11,CAMBIADO
Home ADSL Mixto 1 y 2,stdgepull_m,stdmtlmutualista1,6524,172.30.253.66,3,CAMBIADO
Home ADSL Mixto 1 y 2,stdjomunozn1,stdmtlmutualista1,6524,172.30.253.66,15,CAMBIADO
Home ADSL Mixto 1 y 2,stdeiroserom1,stdmtlmutualista1,6524,172.30.253.66,2,CAMBIADO
Home ADSL Mixto 512 y 2048,bnfmmprad_m4,bnfbnfcentro1,6524,172.22.24.254,3,CAMBIADO
Home ADSL Mixto 1 y 2,bnfzyang_m,bnfbnfcentro1,6524,172.22.24.254,22,CAMBIADO
Home ADSL Mixto 1 y 2,bnfchmora_m,bnfbnfcentro1,6524,172.22.24.254,6,CAMBIADO
Home ADSL Mixto 1 y 2,pornjgoro_m,porpormaestro2,6524,172.29.122.253,5,CAMBIADO
Internet Home ADSL Mixto 0.5 y 2.5,porjpbarberanq1,porpormaestro2,6524,172.29.122.253,10,CAMBIADO
Home ADSL Mixto 512 y 1024,milkejarr_m,milmilbellavistan2,6524,172.16.94.253,1,CAMBIADO
Home ADSL Mixto 512 y 1024,miljmbara_m,milmilbellavistan2,6524,172.16.94.253,3,CAMBIADO
Home ADSL Mixto 512 y 2048,milgitorresg1,milmilbellavistan2,6524,172.16.94.253,5,CAMBIADO
Home ADSL Mixto 1 y 2,empolriveraf1,empempcte2,6524,172.22.106.253,7,CAMBIADO
Home ADSL Mixto 1 y 2,empjmjimenezp1,empempcte2,6524,172.22.106.253,8,CAMBIADO
Home ADSL Mixto 1 y 2,empbaloorp1,empempcte2,6524,172.22.106.253,6,CAMBIADO
Home ADSL Mixto 3 y 6,gyesbugnano1,gyeame2kolimpo1,6524,172.27.164.254,13,CAMBIADO
Home ADSL Mixto 2 y 4,gyejgviva_m,gyeame2kolimpo1,6524,172.27.164.254,23,CAMBIADO
Home ADSL Mixto 1 y 2,rmhlmgavilanezr1,uiosnlurbfranciscoC1,6524,172.30.252.92,23,CAMBIADO
Home ADSL Mixto 2 y 4,uiosubial,uiosnlurbfranciscoC1,6524,172.30.252.92,17,CAMBIADO
Home ADSL Mixto 2 y 4,uioriarev_m,uiosnlurbfranciscoC1,6524,172.30.252.92,19,CAMBIADO
Home ADSL Mixto 1 y 2,stdlzhang_m,stdsdhpupusa2,6524,172.30.253.149,3,CAMBIADO
Home ADSL Mixto 1 y 2,stdwlin_m,stdsdhpupusa2,6524,172.30.253.149,11,CAMBIADO
Home ADSL Mixto 1 y 2,stdeesotalinn,stdsdhpupusa2,6524,172.30.253.149,16,CAMBIADO
Home ADSL Mixto 3 y 6,stdiglesiadelpa,stdsdhpupusa2,6524,172.30.253.149,9,CAMBIADO
Home ADSL Mixto 1 y 2,stdjaastu_m2,stdbobalborada1,6524,172.30.253.60,15,CAMBIADO
Home ADSL Mixto 1 y 2,stddesolo_m,stdbobalborada1,6524,172.30.253.60,24,CAMBIADO
Home ADSL Mixto 1 y 2,stdpiparr_m,stdbobalborada1,6524,172.30.253.60,23,CAMBIADO
Home ADSL Mixto 1 y 2,stdjacast_m,stdbobalborada1,6524,172.30.253.60,2,CAMBIADO
Home ADSL Mixto 1 y 2,strweprec_m,strstrfabianespinoza1,6524,172.20.58.254,6,CAMBIADO
Home ADSL Mixto 1 y 2,strolcuen_m,strstrfabianespinoza1,6524,172.20.58.254,23,CAMBIADO
Home ADSL Mixto 1 y 2,strjhbrit_m,strstrfabianespinoza1,6524,172.20.58.254,24,CAMBIADO
Home ADSL Mixto 1 y 2,striomend_m,strstrfabianespinoza1,6524,172.20.58.254,21,CAMBIADO
Home ADSL Mixto 1 y 2,strdpinig_m,strstrfabianespinoza1,6524,172.20.58.254,8,CAMBIADO
Home ADSL Mixto 1 y 2,stdoeleonj_m,stdsdh20deoctubre1,6524,172.30.253.152,2,CAMBIADO
Home ADSL Mixto 1 y 2,stdjftorr_m,stdsdh20deoctubre1,6524,172.30.253.152,1,CAMBIADO
Home ADSL Mixto 1 y 2,stdbmzham_m,stdsdh20deoctubre1,6524,172.30.253.152,5,CAMBIADO
Home ADSL Mixto 1 y 2,stdmdleonj_m,stdsdh20deoctubre1,6524,172.30.253.152,3,CAMBIADO
Home ADSL Mixto 1 y 2,gyewporme_m,gyeata2saucesdos1,6524,172.27.34.251,24,CAMBIADO
Home ADSL Mixto 1 y 2,gyelfbelitamae1,gyeata2saucesdos1,6524,172.27.34.251,2,CAMBIADO
Home ADSL Mixto 1 y 2,riojdlaram_m,rioimplasalle1,6524,172.31.200.35,23,CAMBIADO
Home ADSL Mixto 1 y 2,riojpcuev,rioimplasalle1,6524,172.31.200.35,24,CAMBIADO
Home ADSL Mixto 1 y 2,riomapalmayp1,rioimplasalle1,6524,172.31.200.35,10,CAMBIADO
Home ADSL Mixto 1 y 2,riogpilamungam1,rioimplasalle1,6524,172.31.200.35,15,CAMBIADO
Home ADSL Mixto 2 y 4,rioagsalazara1,rioimplasalle1,6524,172.31.200.35,22,CAMBIADO
Home ADSL Mixto 2 y 4,riodsanch_m,rioimplasalle1,6524,172.31.200.35,16,CAMBIADO
Home ADSL Mixto 512 y 1024,milsmpalm_m,milmilunidas2,6524,172.16.60.253,3,CAMBIADO
Home ADSL Mixto 512 y 1024,miljmleonp_m,milmilunidas2,6524,172.16.60.253,4,CAMBIADO
Home ADSL Mixto 512 y 2048,milajavilal1,milmilunidas2,6524,172.16.60.253,5,CAMBIADO
Home ADSL Mixto 512 y 2048,milmaquis_m4,milmilunidas2,6524,172.16.60.253,1,CAMBIADO
Home ADSL Mixto 512 y 3072,milemsilv_m6,milmilunidas2,6524,172.16.60.253,2,CAMBIADO
Home ADSL Mixto 1 y 2,porklmezac,porpascalifornia1,6524,172.29.26.254,24,CAMBIADO
Home ADSL Mixto 1 y 2,porwemielesn_m,porpascalifornia1,6524,172.29.26.254,15,CAMBIADO
Home ADSL Mixto 3 y 6,poraicost_m,porpascalifornia1,6524,172.29.26.254,21,CAMBIADO
Internet Home ADSL Mixto 0.5 y 2.5,porjrvill_m,porpascalifornia1,6524,172.29.26.254,3,CAMBIADO
Home ADSL Mixto 1 y 2,riotcvegae_m,riotrmlospinos1,6524,172.31.200.4,8,CAMBIADO
Home ADSL Mixto 1 y 2,riopvtell_m,riotrmlospinos1,6524,172.31.200.4,9,CAMBIADO
Home ADSL Mixto 1 y 2,rioatubid_m,riotrmlospinos1,6524,172.31.200.4,10,CAMBIADO
Home ADSL Mixto 1 y 2,rioamtorr_m,riotrmlospinos1,6524,172.31.200.4,11,CAMBIADO
Home ADSL Mixto 2 y 4,riompjarag1,riotrmlospinos1,6524,172.31.200.4,13,CAMBIADO
Home ADSL Mixto 3 y 6,riovgvaldiviezov1,riotrmlospinos1,6524,172.31.200.4,12,CAMBIADO
Home ADSL Mixto 1 y 2,stdrjcast_m,stdsdhstamartha1,6524,172.30.253.153,12,CAMBIADO
Home ADSL Mixto 1 y 2,stdgasant_m,stdsdhstamartha1,6524,172.30.253.153,9,CAMBIADO
Home ADSL Mixto 1 y 2,stdtmintr_m,stdsdhstamartha1,6524,172.30.253.153,11,CAMBIADO
Home ADSL Mixto 1 y 2,stdmaocho_m,stdsdhstamartha1,6524,172.30.253.153,10,CAMBIADO
Home ADSL Mixto 1 y 2,stdmfferrerm1,stdsdhstamartha1,6524,172.30.253.153,14,CAMBIADO
Home ADSL Mixto 1 y 2,stdelvinuezag1,stdsdhstamartha1,6524,172.30.253.153,13,CAMBIADO
Home ADSL Mixto 1 y 2,uiocpgarn_m,uioarmriverasarmenia2,6524,172.30.251.92,13,CAMBIADO
Home ADSL Mixto 1 y 2,uiorcpazminos1,uioarmriverasarmenia2,6524,172.30.251.92,17,CAMBIADO
Home ADSL Mixto 1 y 2,uiorimorenoj1,uioarmriverasarmenia2,6524,172.30.251.92,16,CAMBIADO
Home ADSL Mixto 2 y 4,uiorjespi_m,uioarmriverasarmenia2,6524,172.30.251.92,10,CAMBIADO
Home ADSL Mixto 2 y 4,uiojrgarz_m,uioarmriverasarmenia2,6524,172.30.251.92,11,CAMBIADO
Home ADSL Mixto 1 y 2,manmaponc_m,mnttelgmistral2,6524,172.28.86.249,2,CAMBIADO
Home ADSL Mixto 1 y 2,manmalviab_m,mnttelgmistral2,6524,172.28.86.249,9,CAMBIADO
Home ADSL Mixto 2 y 4,manrdmeno_m,mnttelgmistral2,6524,172.28.86.249,1,CAMBIADO
Home ADSL Mixto 2 y 4,manrvzambrano_m,mnttelgmistral2,6524,172.28.86.249,12,CAMBIADO
Home ADSL Mixto 1 y 2,riomrtenemasac1,riopinpolicia2,6524,172.31.200.19,2,CAMBIADO
Home ADSL Mixto 1 y 2,riosfport,riopinpolicia2,6524,172.31.200.19,11,CAMBIADO
Home ADSL Mixto 1 y 2,rioydgusnayy1,riopinpolicia2,6524,172.31.200.19,5,CAMBIADO
Home ADSL Mixto 1 y 2,riofgherrerah1,riopinpolicia2,6524,172.31.200.19,3,CAMBIADO
Home ADSL Mixto 1 y 2,riorjsantillanf1,riopinpolicia2,6524,172.31.200.19,21,CAMBIADO
Home ADSL Mixto 3 y 6,riojccardenasn1,riopinpolicia2,6524,172.31.200.19,19,CAMBIADO
Home ADSL Mixto 512 y 1024,milxamorab_m6,milmilwilliamreyes1,6524,172.16.92.254,6,CAMBIADO
Home ADSL Mixto 512 y 1024,milabmurillof_m,milmilwilliamreyes1,6524,172.16.92.254,23,CAMBIADO
Home ADSL Mixto 512 y 1024,milsrfrei_m,milmilwilliamreyes1,6524,172.16.92.254,12,CAMBIADO
Home ADSL Mixto 512 y 1024,milkileonm_m,milmilwilliamreyes1,6524,172.16.92.254,19,CAMBIADO
Home ADSL Mixto 512 y 1024,milcealv_m,milmilwilliamreyes1,6524,172.16.92.254,14,CAMBIADO
Home ADSL Mixto 512 y 1024,milgcvictorm_m,milmilwilliamreyes1,6524,172.16.92.254,13,CAMBIADO
Home ADSL Mixto 512 y 1024,milarsala_m,milmilwilliamreyes1,6524,172.16.92.254,3,CAMBIADO
Home ADSL Mixto 512 y 1024,milpdmor_m,milmilwilliamreyes1,6524,172.16.92.254,17,CAMBIADO
Home ADSL Mixto 512 y 2048,milladiazm_m4,milmilwilliamreyes1,6524,172.16.92.254,4,CAMBIADO
Home ADSL Mixto 512 y 2048,milrenune_m4,milmilwilliamreyes1,6524,172.16.92.254,8,CAMBIADO
Home ADSL Mixto 512 y 3072,miljeferr_m6,milmilwilliamreyes1,6524,172.16.92.254,20,CAMBIADO
Home ADSL Mixto 512 y 3072,mileamosq_m6,milmilwilliamreyes1,6524,172.16.92.254,1,CAMBIADO
Home ADSL Mixto 512 y 3072,milmrsotoa_m6,milmilwilliamreyes1,6524,172.16.92.254,18,CAMBIADO
Home ADSL Mixto 512 y 3072,milmjrive_m6,milmilwilliamreyes1,6524,172.16.92.254,11,CAMBIADO
Home ADSL Mixto 512 y 3072,miljfmaci_m6,milmilwilliamreyes1,6524,172.16.92.254,24,CAMBIADO
Home ADSL Mixto 512 y 1024,pinjrorov_m,pinpinloja2,6524,172.24.52.253,23,CAMBIADO
Home ADSL Mixto 1 y 2,pinlhorti_m,pinpinloja2,6524,172.24.52.253,17,CAMBIADO
Home ADSL Mixto 1 y 2,pinlgmari_m,pinpinloja2,6524,172.24.52.253,10,CAMBIADO
Home ADSL Mixto 1 y 2,pinjrespino_m,pinpinloja2,6524,172.24.52.253,4,CAMBIADO
Home ADSL Mixto 1 y 2,pinrforel_m,pinpinloja2,6524,172.24.52.253,24,CAMBIADO
Home ADSL Mixto 1 y 2,pinemblaciof_m,pinpinloja2,6524,172.24.52.253,7,CAMBIADO
Home ADSL Mixto 1 y 2,pinhmrome_m,pinpinloja2,6524,172.24.52.253,22,CAMBIADO
Home ADSL Mixto 1 y 2,pingitorop_m,pinpinloja2,6524,172.24.52.253,5,CAMBIADO
Home ADSL Mixto 2 y 4,pinvhmuri_m,pinpinloja2,6524,172.24.52.253,20,CAMBIADO
Home ADSL Mixto 1 y 2,strmasara_m,strstrloja1,6524,172.20.55.254,8,CAMBIADO
Home ADSL Mixto 1 y 2,strsnrive_m,strstrloja1,6524,172.20.55.254,21,CAMBIADO
Home ADSL Mixto 1 y 2,strmrjara_m,strstrloja1,6524,172.20.55.254,11,CAMBIADO
Home ADSL Mixto 1 y 2,strjpcond_m,strstrloja1,6524,172.20.55.254,9,CAMBIADO
Home ADSL Mixto 1 y 2,strjccang_m,strstrloja1,6524,172.20.55.254,3,CAMBIADO
Home ADSL Mixto 1 y 2,strirprad_m,strstrloja1,6524,172.20.55.254,5,CAMBIADO
Home ADSL Mixto 1 y 2,strhttorr_m,strstrloja1,6524,172.20.55.254,12,CAMBIADO
Home ADSL Mixto 1 y 2,strhehono_m,strstrloja1,6524,172.20.55.254,2,CAMBIADO
Home ADSL Mixto 1 y 2,strgccaca_m,strstrloja1,6524,172.20.55.254,13,CAMBIADO
Home ADSL Mixto 1 y 2,strcavill_m,strstrloja1,6524,172.20.55.254,24,CAMBIADO
Home ADSL Mixto 2 y 4,strhgjarr_m,strstrloja1,6524,172.20.55.254,7,CAMBIADO
Home ADSL Mixto 1 y 2,salcaizquie_m,salsalsantarosa1,6524,172.18.60.254,5,CAMBIADO
Home ADSL Mixto 1 y 2,salnvmari_m,salsalsantarosa1,6524,172.18.60.254,16,CAMBIADO
Home ADSL Mixto 1 y 2,saljetigr_m,salsalsantarosa1,6524,172.18.60.254,9,CAMBIADO
Home ADSL Mixto 1 y 2,salijgonz_m,salsalsantarosa1,6524,172.18.60.254,11,CAMBIADO
Home ADSL Mixto 1 y 2,salfnvs_m,salsalsantarosa1,6524,172.18.60.254,10,CAMBIADO
Home ADSL Mixto 1 y 2,salcvpach_m,salsalsantarosa1,6524,172.18.60.254,24,CAMBIADO
Home ADSL Mixto 2 y 4,salmapome_m,salsalsantarosa1,6524,172.18.60.254,23,CAMBIADO
Home ADSL Mixto 3 y 6,saltjbite_m,salsalsantarosa1,6524,172.18.60.254,7,CAMBIADO
Home ADSL Mixto 1 y 2,stdjlbaza_m,stdcln30dejulio2,6524,172.30.253.118,4,CAMBIADO
Home ADSL Mixto 1 y 2,stdmaaroc_m,stdcln30dejulio2,6524,172.30.253.118,3,CAMBIADO
Home ADSL Mixto 1 y 2,stdlbjaramilloc2,stdcln30dejulio2,6524,172.30.253.118,5,CAMBIADO
Home ADSL Mixto 1 y 2,stdmapuetatep1,stdcln30dejulio2,6524,172.30.253.118,6,CAMBIADO
Home ADSL Mixto 2 y 4,stdjacorralesb1,stdcln30dejulio2,6524,172.30.253.118,7,CAMBIADO
Home ADSL Mixto 1 y 2,zarccapol_m,zarzarcolinabrauliocarrion1,6524,172.24.67.254,10,CAMBIADO
Home ADSL Mixto 1 y 2,zaravcarr_m,zarzarcolinabrauliocarrion1,6524,172.24.67.254,20,CAMBIADO
Home ADSL Mixto 1 y 2,zarjeapolog1,zarzarcolinabrauliocarrion1,6524,172.24.67.254,23,CAMBIADO
Home ADSL Mixto 1 y 2,zarmecuri_m,zarzarcolinabrauliocarrion1,6524,172.24.67.254,7,CAMBIADO
Home ADSL Mixto 1 y 2,zarwprome_m,zarzarcolinabrauliocarrion1,6524,172.24.67.254,21,CAMBIADO
Home ADSL Mixto 1 y 2,zartvmosq_m,zarzarcolinabrauliocarrion1,6524,172.24.67.254,6,CAMBIADO
Home ADSL Mixto 1 y 2,zarmmpenac_m,zarzarcolinabrauliocarrion1,6524,172.24.67.254,2,CAMBIADO
Home ADSL Mixto 1 y 2,zarmaagui_m,zarzarcolinabrauliocarrion1,6524,172.24.67.254,5,CAMBIADO
Home ADSL Mixto 1 y 2,zarlmasan_m,zarzarcolinabrauliocarrion1,6524,172.24.67.254,12,CAMBIADO
Home ADSL Mixto 1 y 2,zarlegonz_m,zarzarcolinabrauliocarrion1,6524,172.24.67.254,18,CAMBIADO
Home ADSL Mixto 1 y 2,zarjgloyo_m,zarzarcolinabrauliocarrion1,6524,172.24.67.254,22,CAMBIADO
Home ADSL Mixto 1 y 2,zarcatorr_m,zarzarcolinabrauliocarrion1,6524,172.24.67.254,3,CAMBIADO
Home ADSL Mixto 2 y 4,zardrchui_m,zarzarcolinabrauliocarrion1,6524,172.24.67.254,1,CAMBIADO
Home ADSL Mixto 1 y 2,macpmhidalgog1,macmacroldos1,6524,172.20.34.254,22,CAMBIADO
Home ADSL Mixto 1 y 2,macsebaha_m,macmacroldos1,6524,172.20.34.254,14,CAMBIADO
Home ADSL Mixto 1 y 2,macjlgarciaa_m,macmacroldos1,6524,172.20.34.254,23,CAMBIADO
Home ADSL Mixto 1 y 2,macjhroma_m,macmacroldos1,6524,172.20.34.254,11,CAMBIADO
Home ADSL Mixto 1 y 2,macmvbeni_m,macmacroldos1,6524,172.20.34.254,19,CAMBIADO
Home ADSL Mixto 1 y 2,mactmcruz_m,macmacroldos1,6524,172.20.34.254,8,CAMBIADO
Home ADSL Mixto 1 y 2,maccasanc_m,macmacroldos1,6524,172.20.34.254,1,CAMBIADO
Home ADSL Mixto 1 y 2,macaaruizq_m,macmacroldos1,6524,172.20.34.254,13,CAMBIADO
Home ADSL Mixto 1 y 2,macrssali_m,macmacroldos1,6524,172.20.34.254,24,CAMBIADO
Home ADSL Mixto 1 y 2,macreapol_m,macmacroldos1,6524,172.20.34.254,18,CAMBIADO
Home ADSL Mixto 2 y 4,maccgquila_m,macmacroldos1,6524,172.20.34.254,4,CAMBIADO
Home ADSL Mixto 2 y 4,macmcsosar_m,macmacroldos1,6524,172.20.34.254,10,CAMBIADO
Home ADSL Mixto 3 y 6,macfamunozf_m,macmacroldos1,6524,172.20.34.254,20,CAMBIADO
Home ADSL Mixto 1 y 2,manfxalm_m,mnttelcjunioruno1,6524,172.28.112.252,21,CAMBIADO
Home ADSL Mixto 1 y 2,mansalaym_m,mnttelcjunioruno1,6524,172.28.112.252,23,CAMBIADO
Home ADSL Mixto 1 y 2,maneuropac_m,mnttelcjunioruno1,6524,172.28.112.252,19,CAMBIADO
Home ADSL Mixto 2 y 4,manngabay_m,mnttelcjunioruno1,6524,172.28.112.252,18,CAMBIADO
Home ADSL Mixto 2 y 4,manwharten_m,mnttelcjunioruno1,6524,172.28.112.252,24,CAMBIADO
Home ADSL Mixto 3 y 6,mantlconner1,mnttelcjunioruno1,6524,172.28.112.252,16,CAMBIADO
Home ADSL Mixto 3 y 6,manocl_m,mnttelcjunioruno1,6524,172.28.112.252,22,CAMBIADO
Home ADSL Mixto 3 y 6,manjmring_m,mnttelcjunioruno1,6524,172.28.112.252,10,CAMBIADO
Home ADSL Mixto 6 y 12,manrzambr_m,mnttelcjunioruno1,6524,172.28.112.252,11,CAMBIADO
Home ADSL Mixto 1 y 2,stdlhcais_m,stdbobrosales1,6524,172.30.253.58,15,CAMBIADO
Home ADSL Mixto 1 y 2,stdammora_m,stdbobrosales1,6524,172.30.253.58,23,CAMBIADO
Home ADSL Mixto 1 y 2,stdlmalva_m,stdbobrosales1,6524,172.30.253.58,7,CAMBIADO
Home ADSL Mixto 1 y 2,stdljcordovaa,stdbobrosales1,6524,172.30.253.58,9,CAMBIADO
Home ADSL Mixto 1 y 2,stdc.ttrc_m,stdbobrosales1,6524,172.30.253.58,5,CAMBIADO
Home ADSL Mixto 1 y 2,stdlemoreiraa1,stdbobrosales1,6524,172.30.253.58,12,CAMBIADO
Home ADSL Mixto 1 y 2,stdaaperezc,stdbobrosales1,6524,172.30.253.58,1,CAMBIADO
Home ADSL Mixto 1 y 2,stdcabarahonah1,stdbobrosales1,6524,172.30.253.58,2,CAMBIADO
Home ADSL Mixto 1 y 2,stdpvbritot1,stdbobrosales1,6524,172.30.253.58,3,CAMBIADO
Home ADSL Mixto 1 y 2,stdampinai,stdbobrosales1,6524,172.30.253.58,19,CAMBIADO
Home ADSL Mixto 1 y 2,stdddsantosr1,stdbobrosales1,6524,172.30.253.58,24,CAMBIADO
Home ADSL Mixto 256 y 512,stdjrloacha_m,stdbobrosales1,6524,172.30.253.58,11,CAMBIADO
Home ADSL Mixto 0.512 y 1,stdpalope,stdbobrosales1,6524,172.30.253.58,6,CAMBIADO
Home ADSL Mixto 1 y 2,uiopcvasc_m,uiorcrparquerecreo1,6524,172.30.254.54,10,CAMBIADO
Home ADSL Mixto 1 y 2,uiojpfial_m,uiorcrparquerecreo1,6524,172.30.254.54,5,CAMBIADO
Home ADSL Mixto 1 y 2,uiohurier_m,uiorcrparquerecreo1,6524,172.30.254.54,9,CAMBIADO
Home ADSL Mixto 1 y 2,uiopecarreraz1,uiorcrparquerecreo1,6524,172.30.254.54,22,CAMBIADO
Home ADSL Mixto 1 y 2,uioepdel_m,uiorcrparquerecreo1,6524,172.30.254.54,1,CAMBIADO
Home ADSL Mixto 1 y 2,uiodasanc_m,uiorcrparquerecreo1,6524,172.30.254.54,11,CAMBIADO
Home ADSL Mixto 1 y 2,uioxfvasc_m,uiorcrparquerecreo1,6524,172.30.254.54,4,CAMBIADO
Home ADSL Mixto 1 y 2,uiolwrose_m,uiorcrparquerecreo1,6524,172.30.254.54,2,CAMBIADO
Home ADSL Mixto 1 y 2,uiomeloza_m,uiorcrparquerecreo1,6524,172.30.254.54,24,CAMBIADO
Home ADSL Mixto 1 y 2,uiomrespi_m,uiorcrparquerecreo1,6524,172.30.254.54,8,CAMBIADO
Home ADSL Mixto 1 y 2,uiosmverd_m,uiorcrparquerecreo1,6524,172.30.254.54,12,CAMBIADO
Home ADSL Mixto 2 y 4,uiojequinterov1,uiorcrparquerecreo1,6524,172.30.254.54,14,CAMBIADO
Home ADSL Mixto 2 y 4,uiormaqui_m,uiorcrparquerecreo1,6524,172.30.254.54,23,CAMBIADO
Home ADSL Mixto 2 y 4,uioglpena_m,uiorcrparquerecreo1,6524,172.30.254.54,7,CAMBIADO
Home ADSL Mixto 2 y 4,uiocapadi_m,uiorcrparquerecreo1,6524,172.30.254.54,3,CAMBIADO
Home ADSL Mixto 1 y 2,bbhfrbastidasm1,bbhbbhbarriolindo2,6524,172.23.37.252,3,CAMBIADO
Home ADSL Mixto 1 y 2,bbhgacede_m,bbhbbhbarriolindo2,6524,172.23.37.252,24,CAMBIADO
Home ADSL Mixto 1 y 2,bbhcppare_m,bbhbbhbarriolindo2,6524,172.23.37.252,11,CAMBIADO
Home ADSL Mixto 1 y 2,bbhanmosq_m,bbhbbhbarriolindo2,6524,172.23.37.252,18,CAMBIADO
Home ADSL Mixto 1 y 2,bbhamriva_m,bbhbbhbarriolindo2,6524,172.23.37.252,19,CAMBIADO
Home ADSL Mixto 1 y 2,bbhxmonte_m,bbhbbhbarriolindo2,6524,172.23.37.252,22,CAMBIADO
Home ADSL Mixto 1 y 2,bbhsvmor_m,bbhbbhbarriolindo2,6524,172.23.37.252,4,CAMBIADO
Home ADSL Mixto 1 y 2,bbhrevizc_m,bbhbbhbarriolindo2,6524,172.23.37.252,2,CAMBIADO
Home ADSL Mixto 1 y 2,bbhnllere_m,bbhbbhbarriolindo2,6524,172.23.37.252,16,CAMBIADO
Home ADSL Mixto 1 y 2,bbhkrcarril_m,bbhbbhbarriolindo2,6524,172.23.37.252,12,CAMBIADO
Home ADSL Mixto 1 y 2,bbhkmespa_m,bbhbbhbarriolindo2,6524,172.23.37.252,20,CAMBIADO
Home ADSL Mixto 1 y 2,bbhjmnava_m,bbhbbhbarriolindo2,6524,172.23.37.252,9,CAMBIADO
Home ADSL Mixto 1 y 2,bbhhnmore_m,bbhbbhbarriolindo2,6524,172.23.37.252,13,CAMBIADO
Home ADSL Mixto 1 y 2,bbhemlaya_m,bbhbbhbarriolindo2,6524,172.23.37.252,14,CAMBIADO
Home ADSL Mixto 2 y 4,bbhkschan_m,bbhbbhbarriolindo2,6524,172.23.37.252,17,CAMBIADO
Home ADSL Mixto 4 y 8,bbhheverg_m,bbhbbhbarriolindo2,6524,172.23.37.252,8,CAMBIADO
Home ADSL Mixto 1 y 2,manjlnava_m,mntvilcuba1,6524,172.28.107.254,15,CAMBIADO
Home ADSL Mixto 1 y 2,manlacede_m,mntvilcuba1,6524,172.28.107.254,22,CAMBIADO
Home ADSL Mixto 1 y 2,manmcsant_m,mntvilcuba1,6524,172.28.107.254,23,CAMBIADO
Home ADSL Mixto 1 y 2,manwfmore_m,mntvilcuba1,6524,172.28.107.254,13,CAMBIADO
Home ADSL Mixto 1 y 2,manjjnava_m,mntvilcuba1,6524,172.28.107.254,3,CAMBIADO
Home ADSL Mixto 1 y 2,manhpvele_m,mntvilcuba1,6524,172.28.107.254,18,CAMBIADO
Home ADSL Mixto 1 y 2,mancfpuyam_m,mntvilcuba1,6524,172.28.107.254,4,CAMBIADO
Home ADSL Mixto 1 y 2,manjazamb_m,mntvilcuba1,6524,172.28.107.254,24,CAMBIADO
Home ADSL Mixto 1 y 2,mangdbarr_m,mntvilcuba1,6524,172.28.107.254,16,CAMBIADO
Home ADSL Mixto 1 y 2,manarriva_m,mntvilcuba1,6524,172.28.107.254,17,CAMBIADO
Home ADSL Mixto 2 y 4,manjgsanc_m,mntvilcuba1,6524,172.28.107.254,1,CAMBIADO
Home ADSL Mixto 2 y 4,manwfcede_m,mntvilcuba1,6524,172.28.107.254,5,CAMBIADO
Home ADSL Mixto 2 y 4,manjndomi_m,mntvilcuba1,6524,172.28.107.254,9,CAMBIADO
Home ADSL Mixto 2 y 4,manjmcede_m,mntvilcuba1,6524,172.28.107.254,11,CAMBIADO
Home ADSL Mixto 2 y 4,manhecede_m,mntvilcuba1,6524,172.28.107.254,8,CAMBIADO
Home ADSL Mixto 1 y 2,riogaalla_m,rioimpcondamine2,6524,172.31.200.36,1,CAMBIADO
Home ADSL Mixto 1 y 2,riosdarev_m,rioimpcondamine2,6524,172.31.200.36,5,CAMBIADO
Home ADSL Mixto 1 y 2,rionfcaba_m,rioimpcondamine2,6524,172.31.200.36,7,CAMBIADO
Home ADSL Mixto 1 y 2,rioliverap_m,rioimpcondamine2,6524,172.31.200.36,3,CAMBIADO
Home ADSL Mixto 1 y 2,riojprodr_m,rioimpcondamine2,6524,172.31.200.36,6,CAMBIADO
Home ADSL Mixto 1 y 2,riocadiazv1,rioimpcondamine2,6524,172.31.200.36,9,CAMBIADO
Home ADSL Mixto 1 y 2,riobjmulloa1,rioimpcondamine2,6524,172.31.200.36,20,CAMBIADO
Home ADSL Mixto 1 y 2,riosmpachecot1,rioimpcondamine2,6524,172.31.200.36,22,CAMBIADO
Home ADSL Mixto 1 y 2,riommonteroa1,rioimpcondamine2,6524,172.31.200.36,23,CAMBIADO
Home ADSL Mixto 1 y 2,rionmllerenav1,rioimpcondamine2,6524,172.31.200.36,12,CAMBIADO
Home ADSL Mixto 1 y 2,riocafeteria1,rioimpcondamine2,6524,172.31.200.36,10,CAMBIADO
Home ADSL Mixto 1 y 2,riofagavilanesb1,rioimpcondamine2,6524,172.31.200.36,14,CAMBIADO
Home ADSL Mixto 2 y 4,riolbetuny1,rioimpcondamine2,6524,172.31.200.36,21,CAMBIADO
Home ADSL Mixto 2 y 4,riocagranizos1,rioimpcondamine2,6524,172.31.200.36,11,CAMBIADO
Home ADSL Mixto 2 y 4,rioosarteagao1,rioimpcondamine2,6524,172.31.200.36,24,CAMBIADO
Home ADSL Mixto 3 y 6,riopapont_m,rioimpcondamine2,6524,172.31.200.36,4,CAMBIADO
Home ADSL Mixto 2 y 4,riovfchav_m,rioimpcondamine2,6524,172.31.200.36,2,CAMBIADO
Home ADSL Mixto 1 y 2,manmore_m,mnttelsmartha1,6524,172.28.86.245,21,CAMBIADO
Home ADSL Mixto 1 y 2,manjeaima_m,mnttelsmartha1,6524,172.28.86.245,4,CAMBIADO
Home ADSL Mixto 1 y 2,manjjmacia_m,mnttelsmartha1,6524,172.28.86.245,15,CAMBIADO
Home ADSL Mixto 1 y 2,manaypazc_m,mnttelsmartha1,6524,172.28.86.245,23,CAMBIADO
Home ADSL Mixto 1 y 2,manncintr_m,mnttelsmartha1,6524,172.28.86.245,13,CAMBIADO
Home ADSL Mixto 1 y 2,manmmveraa_m,mnttelsmartha1,6524,172.28.86.245,17,CAMBIADO
Home ADSL Mixto 1 y 2,manmjreng_m,mnttelsmartha1,6524,172.28.86.245,10,CAMBIADO
Home ADSL Mixto 1 y 2,manvbarteag_m,mnttelsmartha1,6524,172.28.86.245,5,CAMBIADO
Home ADSL Mixto 1 y 2,manjlbarr_m,mnttelsmartha1,6524,172.28.86.245,9,CAMBIADO
Home ADSL Mixto 1 y 2,mangmbarr_m,mnttelsmartha1,6524,172.28.86.245,24,CAMBIADO
Home ADSL Mixto 1 y 2,manarvele_m,mnttelsmartha1,6524,172.28.86.245,20,CAMBIADO
Home ADSL Mixto 1 y 2,manarpilligu_m,mnttelsmartha1,6524,172.28.86.245,22,CAMBIADO
Home ADSL Mixto 2 y 4,manjsvaldivie_m,mnttelsmartha1,6524,172.28.86.245,16,CAMBIADO
Home ADSL Mixto 1 y 2,stdnmtoap_m,stdctcdelavirgen1,6524,172.30.253.6,10,CAMBIADO
Home ADSL Mixto 1 y 2,stdemarino_m,stdctcdelavirgen1,6524,172.30.253.6,5,CAMBIADO
Home ADSL Mixto 1 y 2,stdlcriva_m,stdctcdelavirgen1,6524,172.30.253.6,23,CAMBIADO
Home ADSL Mixto 1 y 2,stdfgguas_m,stdctcdelavirgen1,6524,172.30.253.6,4,CAMBIADO
Home ADSL Mixto 1 y 2,stdgzhuang_m,stdctcdelavirgen1,6524,172.30.253.6,3,CAMBIADO
Home ADSL Mixto 1 y 2,stdegonza_m,stdctcdelavirgen1,6524,172.30.253.6,7,CAMBIADO
Home ADSL Mixto 1 y 2,stdelaguirrec1,stdctcdelavirgen1,6524,172.30.253.6,13,CAMBIADO
Home ADSL Mixto 1 y 2,stdwagarciav1,stdctcdelavirgen1,6524,172.30.253.6,1,CAMBIADO
Home ADSL Mixto 2 y 4,stdcfcabrera_m,stdctcdelavirgen1,6524,172.30.253.6,11,CAMBIADO
Home ADSL Mixto 1 y 2,mejrdjimenezp1,aloalofuertepatria1,6524,172.30.249.250,7,CAMBIADO
Home ADSL Mixto 1 y 2,mchsggarc_m,aloalofuertepatria1,6524,172.30.249.250,13,CAMBIADO
Home ADSL Mixto 1 y 2,mchndjaco_m,aloalofuertepatria1,6524,172.30.249.250,8,CAMBIADO
Home ADSL Mixto 1 y 2,mchbjserr_m,aloalofuertepatria1,6524,172.30.249.250,15,CAMBIADO
Home ADSL Mixto 1 y 2,mchwmtorr_m,aloalofuertepatria1,6524,172.30.249.250,10,CAMBIADO
Home ADSL Mixto 1 y 2,mchmfsanc_m,aloalofuertepatria1,6524,172.30.249.250,9,CAMBIADO
Home ADSL Mixto 1 y 2,mchllsanc_m,aloalofuertepatria1,6524,172.30.249.250,1,CAMBIADO
Home ADSL Mixto 1 y 2,mchjlrodr_m,aloalofuertepatria1,6524,172.30.249.250,6,CAMBIADO
Home ADSL Mixto 1 y 2,mchferamo_m,aloalofuertepatria1,6524,172.30.249.250,3,CAMBIADO
Home ADSL Mixto 1 y 2,mchbmalva_m,aloalofuertepatria1,6524,172.30.249.250,14,CAMBIADO
Home ADSL Mixto 1 y 2,mejfltorresa1,aloalofuertepatria1,6524,172.30.249.250,5,CAMBIADO
Home ADSL Mixto 1 y 2,mejrjhernandeza1,aloalofuertepatria1,6524,172.30.249.250,16,CAMBIADO
Home ADSL Mixto 1 y 2,mejsfsalgueror1,aloalofuertepatria1,6524,172.30.249.250,24,CAMBIADO
Home ADSL Mixto 1 y 2,mejjpandrader1,aloalofuertepatria1,6524,172.30.249.250,18,CAMBIADO
Home ADSL Mixto 1 y 2,mejfealvaradoc1,aloalofuertepatria1,6524,172.30.249.250,17,CAMBIADO
Home ADSL Mixto 1 y 2,mejavbrionesr1,aloalofuertepatria1,6524,172.30.249.250,22,CAMBIADO
Home ADSL Mixto 1 y 2,mejbrordonezv1,aloalofuertepatria1,6524,172.30.249.250,2,CAMBIADO
Home ADSL Mixto 2 y 4,mejtmtasintunat1,aloalofuertepatria1,6524,172.30.249.250,23,CAMBIADO
Home ADSL Mixto 2 y 4,mchgjyase_m,aloalofuertepatria1,6524,172.30.249.250,4,CAMBIADO
Home ADSL Mixto 2 y 4,mchajquin_m,aloalofuertepatria1,6524,172.30.249.250,12,CAMBIADO
Home ADSL Mixto 512 y 2048,mancscuadrosm1,mnttelcponce1,6524,172.28.86.244,22,CAMBIADO
Home ADSL Mixto 1 y 2,mancjlucasf_m,mnttelcponce1,6524,172.28.86.244,17,CAMBIADO
Home ADSL Mixto 1 y 2,manrealonsos_m,mnttelcponce1,6524,172.28.86.244,5,CAMBIADO
Home ADSL Mixto 1 y 2,manwjmend_m,mnttelcponce1,6524,172.28.86.244,18,CAMBIADO
Home ADSL Mixto 1 y 2,manverivadene_m,mnttelcponce1,6524,172.28.86.244,12,CAMBIADO
Home ADSL Mixto 1 y 2,manvacord_m,mnttelcponce1,6524,172.28.86.244,9,CAMBIADO
Home ADSL Mixto 1 y 2,manlemaci2_m,mnttelcponce1,6524,172.28.86.244,24,CAMBIADO
Home ADSL Mixto 2 y 4,manmralarco_m,mnttelcponce1,6524,172.28.86.244,10,CAMBIADO
Home ADSL Mixto 2 y 4,manjcroblesp_m,mnttelcponce1,6524,172.28.86.244,2,CAMBIADO
Home ADSL Mixto 2 y 4,manjlavellanz_m,mnttelcponce1,6524,172.28.86.244,1,CAMBIADO
Home ADSL Mixto 2 y 4,manjlavellan3_m,mnttelcponce1,6524,172.28.86.244,4,CAMBIADO
Home ADSL Mixto 2 y 4,manlealviaa_m,mnttelcponce1,6524,172.28.86.244,11,CAMBIADO
Home ADSL Mixto 2 y 4,mangxguevarav_m,mnttelcponce1,6524,172.28.86.244,6,CAMBIADO
Home ADSL Mixto 3 y 6,manjshidalgos_m,mnttelcponce1,6524,172.28.86.244,19,CAMBIADO
Home ADSL Mixto 3 y 6,manrvinge3_m,mnttelcponce1,6524,172.28.86.244,21,CAMBIADO
Home ADSL Mixto 1 y 2,quemmasan_m,quecreeugenioespejo1,6524,172.22.76.254,3,CAMBIADO
Home ADSL Mixto 1 y 2,queviaria_m,quecreeugenioespejo1,6524,172.22.76.254,21,CAMBIADO
Home ADSL Mixto 1 y 2,querdloorr_m,quecreeugenioespejo1,6524,172.22.76.254,5,CAMBIADO
Home ADSL Mixto 1 y 2,queambaja_m,quecreeugenioespejo1,6524,172.22.76.254,7,CAMBIADO
Home ADSL Mixto 1 y 2,queergord_m,quecreeugenioespejo1,6524,172.22.76.254,23,CAMBIADO
Home ADSL Mixto 1 y 2,queejbrio_m,quecreeugenioespejo1,6524,172.22.76.254,4,CAMBIADO
Home ADSL Mixto 1 y 2,quewbmend_m,quecreeugenioespejo1,6524,172.22.76.254,6,CAMBIADO
Home ADSL Mixto 1 y 2,quemjgonz_m,quecreeugenioespejo1,6524,172.22.76.254,22,CAMBIADO
Home ADSL Mixto 1 y 2,quemdbaja_m,quecreeugenioespejo1,6524,172.22.76.254,20,CAMBIADO
Home ADSL Mixto 1 y 2,quelbdiazv_m,quecreeugenioespejo1,6524,172.22.76.254,2,CAMBIADO
Home ADSL Mixto 1 y 2,queojmeraf_m,quecreeugenioespejo1,6524,172.22.76.254,24,CAMBIADO
Home ADSL Mixto 2 y 4,quenatoaq_m,quecreeugenioespejo1,6524,172.22.76.254,1,CAMBIADO
